Year,Region,Weapons type
2001,Australasia & Oceania,Incendiary
2001,Australasia & Oceania,Incendiary
2001,Australasia & Oceania,Chemical
2001,Australasia & Oceania,Chemical
2001,Central America & Caribbean,Explosives
2001,Central America & Caribbean,Explosives
2001,Central America & Caribbean,Explosives
2001,Central America & Caribbean,Explosives
2001,Central America & Caribbean,Firearms
2001,Central America & Caribbean,Firearms
2001,Central America & Caribbean,Incendiary
2001,Central America & Caribbean,Firearms
2001,Central Asia,Explosives
2001,Central Asia,Firearms
2001,Central Asia,Explosives
2001,Central Asia,Firearms
2001,Central Asia,Firearms
2001,Central Asia,Firearms
2001,Central Asia,Firearms
2001,Central Asia,Firearms
2001,Central Asia,Firearms
2001,Central Asia,Firearms
2001,Central Asia,Melee
2001,Central Asia,Explosives
2001,Central Asia,Firearms
2001,Central Asia,Firearms
2001,Central Asia,Firearms
2001,Central Asia,Firearms
2001,Central Asia,Explosives
2001,Central Asia,Firearms
2001,East Asia,Explosives
2001,East Asia,Explosives
2001,East Asia,Explosives
2001,East Asia,Explosives
2001,East Asia,Incendiary
2001,East Asia,Explosives
2001,East Asia,Incendiary
2001,East Asia,Firearms
2001,East Asia,Explosives
2001,East Asia,Incendiary
2001,East Asia,Explosives
2001,East Asia,Explosives
2001,East Asia,Explosives
2001,East Asia,Explosives
2001,East Asia,Explosives
2001,East Asia,Explosives
2001,East Asia,Explosives
2001,East Asia,Explosives
2001,East Asia,Explosives
2001,Eastern Europe,Explosives
2001,Eastern Europe,Firearms
2001,Eastern Europe,Explosives
2001,Eastern Europe,Firearms
2001,Eastern Europe,Explosives
2001,Eastern Europe,Firearms
2001,Eastern Europe,Explosives
2001,Eastern Europe,Unknown
2001,Eastern Europe,Explosives
2001,Eastern Europe,Explosives
2001,Eastern Europe,Explosives
2001,Eastern Europe,Explosives
2001,Eastern Europe,Explosives
2001,Eastern Europe,Explosives
2001,Eastern Europe,Firearms
2001,Eastern Europe,Explosives
2001,Eastern Europe,Firearms
2001,Eastern Europe,Firearms
2001,Eastern Europe,Firearms
2001,Eastern Europe,Explosives
2001,Eastern Europe,Firearms
2001,Eastern Europe,Explosives
2001,Eastern Europe,Explosives
2001,Eastern Europe,Explosives
2001,Eastern Europe,Explosives
2001,Eastern Europe,Explosives
2001,Eastern Europe,Explosives
2001,Eastern Europe,Explosives
2001,Eastern Europe,Explosives
2001,Eastern Europe,Firearms
2001,Eastern Europe,Firearms
2001,Eastern Europe,Explosives
2001,Eastern Europe,Incendiary
2001,Eastern Europe,Firearms
2001,Eastern Europe,Firearms
2001,Eastern Europe,Firearms
2001,Eastern Europe,Explosives
2001,Eastern Europe,Firearms
2001,Eastern Europe,Explosives
2001,Eastern Europe,Explosives
2001,Eastern Europe,Firearms
2001,Eastern Europe,Explosives
2001,Eastern Europe,Explosives
2001,Eastern Europe,Explosives
2001,Eastern Europe,Explosives
2001,Eastern Europe,Firearms
2001,Eastern Europe,Explosives
2001,Eastern Europe,Firearms
2001,Eastern Europe,Explosives
2001,Eastern Europe,Explosives
2001,Eastern Europe,Explosives
2001,Eastern Europe,Firearms
2001,Eastern Europe,Explosives
2001,Eastern Europe,Unknown
2001,Eastern Europe,Explosives
2001,Eastern Europe,Explosives
2001,Eastern Europe,Unknown
2001,Eastern Europe,Firearms
2001,Eastern Europe,Melee
2001,Eastern Europe,Explosives
2001,Eastern Europe,Explosives
2001,Eastern Europe,Explosives
2001,Eastern Europe,Explosives
2001,Eastern Europe,Explosives
2001,Eastern Europe,Firearms
2001,Eastern Europe,Explosives
2001,Eastern Europe,Firearms
2001,Eastern Europe,Explosives
2001,Eastern Europe,Firearms
2001,Eastern Europe,Explosives
2001,Eastern Europe,Incendiary
2001,Eastern Europe,Explosives
2001,Eastern Europe,Explosives
2001,Eastern Europe,Explosives
2001,Eastern Europe,Firearms
2001,Eastern Europe,Firearms
2001,Eastern Europe,Explosives
2001,Eastern Europe,Explosives
2001,Eastern Europe,Explosives
2001,Eastern Europe,Unknown
2001,Eastern Europe,Explosives
2001,Eastern Europe,Firearms
2001,Eastern Europe,Firearms
2001,Eastern Europe,Explosives
2001,Eastern Europe,Firearms
2001,Eastern Europe,Firearms
2001,Eastern Europe,Explosives
2001,Eastern Europe,Explosives
2001,Eastern Europe,Explosives
2001,Eastern Europe,Firearms
2001,Eastern Europe,Explosives
2001,Eastern Europe,Explosives
2001,Eastern Europe,Firearms
2001,Eastern Europe,Firearms
2001,Eastern Europe,Explosives
2001,Eastern Europe,Explosives
2001,Eastern Europe,Firearms
2001,Eastern Europe,Explosives
2001,Eastern Europe,Explosives
2001,Eastern Europe,Firearms
2001,Eastern Europe,Firearms
2001,Eastern Europe,Firearms
2001,Eastern Europe,Unknown
2001,Eastern Europe,Unknown
2001,Eastern Europe,Unknown
2001,Eastern Europe,Unknown
2001,Eastern Europe,Unknown
2001,Eastern Europe,Explosives
2001,Eastern Europe,Firearms
2001,Eastern Europe,Explosives
2001,Eastern Europe,Firearms
2001,Eastern Europe,Explosives
2001,Eastern Europe,Explosives
2001,Eastern Europe,Firearms
2001,Eastern Europe,Explosives
2001,Eastern Europe,Firearms
2001,Eastern Europe,Unknown
2001,Eastern Europe,Firearms
2001,Eastern Europe,Melee
2001,Eastern Europe,Firearms
2001,Eastern Europe,Explosives
2001,Eastern Europe,Firearms
2001,Eastern Europe,Explosives
2001,Eastern Europe,Firearms
2001,Eastern Europe,Unknown
2001,Eastern Europe,Firearms
2001,Eastern Europe,Melee
2001,Eastern Europe,Firearms
2001,Eastern Europe,Explosives
2001,Eastern Europe,Firearms
2001,Eastern Europe,Explosives
2001,Eastern Europe,Firearms
2001,Eastern Europe,Firearms
2001,Eastern Europe,Explosives
2001,Eastern Europe,Firearms
2001,Eastern Europe,Explosives
2001,Eastern Europe,Explosives
2001,Eastern Europe,Firearms
2001,Eastern Europe,Explosives
2001,Eastern Europe,Incendiary
2001,Eastern Europe,Firearms
2001,Eastern Europe,Firearms
2001,Eastern Europe,Firearms
2001,Eastern Europe,Firearms
2001,Eastern Europe,Explosives
2001,Eastern Europe,Explosives
2001,Eastern Europe,Explosives
2001,Eastern Europe,Explosives
2001,Eastern Europe,Firearms
2001,Eastern Europe,Firearms
2001,Eastern Europe,Explosives
2001,Eastern Europe,Incendiary
2001,Eastern Europe,Melee
2001,Eastern Europe,Firearms
2001,Eastern Europe,Explosives
2001,Eastern Europe,Firearms
2001,Eastern Europe,Firearms
2001,Eastern Europe,Other
2001,Eastern Europe,Explosives
2001,Eastern Europe,Explosives
2001,Eastern Europe,Explosives
2001,Eastern Europe,Explosives
2001,Eastern Europe,Explosives
2001,Eastern Europe,Firearms
2001,Eastern Europe,Firearms
2001,Eastern Europe,Firearms
2001,Eastern Europe,Explosives
2001,Eastern Europe,Firearms
2001,Eastern Europe,Explosives
2001,Eastern Europe,Unknown
2001,Eastern Europe,Explosives
2001,Eastern Europe,Firearms
2001,Eastern Europe,Firearms
2001,Eastern Europe,Firearms
2001,Eastern Europe,Explosives
2001,Eastern Europe,Explosives
2001,Eastern Europe,Explosives
2001,Eastern Europe,Explosives
2001,Eastern Europe,Explosives
2001,Eastern Europe,Explosives
2001,Eastern Europe,Explosives
2001,Eastern Europe,Explosives
2001,Eastern Europe,Explosives
2001,Eastern Europe,Explosives
2001,Eastern Europe,Unknown
2001,Eastern Europe,Unknown
2001,Eastern Europe,Explosives
2001,Eastern Europe,Firearms
2001,Eastern Europe,Firearms
2001,Eastern Europe,Firearms
2001,Eastern Europe,Explosives
2001,Eastern Europe,Firearms
2001,Eastern Europe,Explosives
2001,Eastern Europe,Firearms
2001,Eastern Europe,Firearms
2001,Eastern Europe,Firearms
2001,Eastern Europe,Firearms
2001,Eastern Europe,Explosives
2001,Eastern Europe,Explosives
2001,Eastern Europe,Unknown
2001,Eastern Europe,Firearms
2001,Eastern Europe,Unknown
2001,Eastern Europe,Explosives
2001,Eastern Europe,Explosives
2001,Eastern Europe,Explosives
2001,Eastern Europe,Explosives
2001,Eastern Europe,Explosives
2001,Eastern Europe,Firearms
2001,Eastern Europe,Firearms
2001,Eastern Europe,Firearms
2001,Eastern Europe,Incendiary
2001,Eastern Europe,Firearms
2001,Eastern Europe,Explosives
2001,Eastern Europe,Explosives
2001,Eastern Europe,Explosives
2001,Eastern Europe,Firearms
2001,Eastern Europe,Firearms
2001,Eastern Europe,Explosives
2001,Eastern Europe,Firearms
2001,Eastern Europe,Firearms
2001,Eastern Europe,Explosives
2001,Eastern Europe,Firearms
2001,Eastern Europe,Firearms
2001,Eastern Europe,Explosives
2001,Eastern Europe,Explosives
2001,Eastern Europe,Explosives
2001,Eastern Europe,Explosives
2001,Eastern Europe,Firearms
2001,Eastern Europe,Firearms
2001,Eastern Europe,Explosives
2001,Eastern Europe,Explosives
2001,Eastern Europe,Explosives
2001,Eastern Europe,Firearms
2001,Eastern Europe,Explosives
2001,Eastern Europe,Explosives
2001,Eastern Europe,Explosives
2001,Eastern Europe,Melee
2001,Eastern Europe,Firearms
2001,Eastern Europe,Firearms
2001,Eastern Europe,Explosives
2001,Eastern Europe,Firearms
2001,Eastern Europe,Explosives
2001,Eastern Europe,Explosives
2001,Eastern Europe,Explosives
2001,Eastern Europe,Firearms
2001,Eastern Europe,Firearms
2001,Eastern Europe,Explosives
2001,Eastern Europe,Firearms
2001,Eastern Europe,Explosives
2001,Eastern Europe,Explosives
2001,Eastern Europe,Explosives
2001,Eastern Europe,Firearms
2001,Middle East & North Africa,Explosives
2001,Middle East & North Africa,Explosives
2001,Middle East & North Africa,Unknown
2001,Middle East & North Africa,Explosives
2001,Middle East & North Africa,Explosives
2001,Middle East & North Africa,Melee
2001,Middle East & North Africa,Firearms
2001,Middle East & North Africa,Melee
2001,Middle East & North Africa,Melee
2001,Middle East & North Africa,Explosives
2001,Middle East & North Africa,Melee
2001,Middle East & North Africa,Firearms
2001,Middle East & North Africa,Firearms
2001,Middle East & North Africa,Explosives
2001,Middle East & North Africa,Unknown
2001,Middle East & North Africa,Firearms
2001,Middle East & North Africa,Firearms
2001,Middle East & North Africa,Firearms
2001,Middle East & North Africa,Unknown
2001,Middle East & North Africa,Unknown
2001,Middle East & North Africa,Firearms
2001,Middle East & North Africa,Explosives
2001,Middle East & North Africa,Explosives
2001,Middle East & North Africa,Explosives
2001,Middle East & North Africa,Firearms
2001,Middle East & North Africa,Firearms
2001,Middle East & North Africa,Explosives
2001,Middle East & North Africa,Firearms
2001,Middle East & North Africa,Firearms
2001,Middle East & North Africa,Firearms
2001,Middle East & North Africa,Melee
2001,Middle East & North Africa,Explosives
2001,Middle East & North Africa,Explosives
2001,Middle East & North Africa,Incendiary
2001,Middle East & North Africa,Melee
2001,Middle East & North Africa,Explosives
2001,Middle East & North Africa,Melee
2001,Middle East & North Africa,Firearms
2001,Middle East & North Africa,Firearms
2001,Middle East & North Africa,Firearms
2001,Middle East & North Africa,Firearms
2001,Middle East & North Africa,Firearms
2001,Middle East & North Africa,Explosives
2001,Middle East & North Africa,"Vehicle (not to include vehicle-borne explosives, i.e., car or truck bombs)"
2001,Middle East & North Africa,Firearms
2001,Middle East & North Africa,Explosives
2001,Middle East & North Africa,Explosives
2001,Middle East & North Africa,Firearms
2001,Middle East & North Africa,Explosives
2001,Middle East & North Africa,Explosives
2001,Middle East & North Africa,Explosives
2001,Middle East & North Africa,Firearms
2001,Middle East & North Africa,Explosives
2001,Middle East & North Africa,Firearms
2001,Middle East & North Africa,Firearms
2001,Middle East & North Africa,Explosives
2001,Middle East & North Africa,Firearms
2001,Middle East & North Africa,Melee
2001,Middle East & North Africa,Incendiary
2001,Middle East & North Africa,Explosives
2001,Middle East & North Africa,Explosives
2001,Middle East & North Africa,Melee
2001,Middle East & North Africa,Firearms
2001,Middle East & North Africa,Explosives
2001,Middle East & North Africa,Firearms
2001,Middle East & North Africa,Explosives
2001,Middle East & North Africa,Firearms
2001,Middle East & North Africa,Melee
2001,Middle East & North Africa,Firearms
2001,Middle East & North Africa,Melee
2001,Middle East & North Africa,Firearms
2001,Middle East & North Africa,Firearms
2001,Middle East & North Africa,Explosives
2001,Middle East & North Africa,Firearms
2001,Middle East & North Africa,Melee
2001,Middle East & North Africa,Explosives
2001,Middle East & North Africa,Firearms
2001,Middle East & North Africa,Firearms
2001,Middle East & North Africa,Explosives
2001,Middle East & North Africa,Firearms
2001,Middle East & North Africa,Melee
2001,Middle East & North Africa,Unknown
2001,Middle East & North Africa,Explosives
2001,Middle East & North Africa,Explosives
2001,Middle East & North Africa,Firearms
2001,Middle East & North Africa,Firearms
2001,Middle East & North Africa,Firearms
2001,Middle East & North Africa,Explosives
2001,Middle East & North Africa,Explosives
2001,Middle East & North Africa,Explosives
2001,Middle East & North Africa,Explosives
2001,Middle East & North Africa,Firearms
2001,Middle East & North Africa,Explosives
2001,Middle East & North Africa,Firearms
2001,Middle East & North Africa,Explosives
2001,Middle East & North Africa,Explosives
2001,Middle East & North Africa,Explosives
2001,Middle East & North Africa,Explosives
2001,Middle East & North Africa,Explosives
2001,Middle East & North Africa,Explosives
2001,Middle East & North Africa,Explosives
2001,Middle East & North Africa,Explosives
2001,Middle East & North Africa,Explosives
2001,Middle East & North Africa,Explosives
2001,Middle East & North Africa,Explosives
2001,Middle East & North Africa,Explosives
2001,Middle East & North Africa,Firearms
2001,Middle East & North Africa,Explosives
2001,Middle East & North Africa,Explosives
2001,Middle East & North Africa,Explosives
2001,Middle East & North Africa,Firearms
2001,Middle East & North Africa,Explosives
2001,Middle East & North Africa,Explosives
2001,Middle East & North Africa,Explosives
2001,Middle East & North Africa,Firearms
2001,Middle East & North Africa,Firearms
2001,Middle East & North Africa,Firearms
2001,Middle East & North Africa,Explosives
2001,Middle East & North Africa,Explosives
2001,Middle East & North Africa,Explosives
2001,Middle East & North Africa,Explosives
2001,Middle East & North Africa,Firearms
2001,Middle East & North Africa,Firearms
2001,Middle East & North Africa,Explosives
2001,Middle East & North Africa,Explosives
2001,Middle East & North Africa,Firearms
2001,Middle East & North Africa,Explosives
2001,Middle East & North Africa,Explosives
2001,Middle East & North Africa,Explosives
2001,Middle East & North Africa,Explosives
2001,Middle East & North Africa,Explosives
2001,Middle East & North Africa,Explosives
2001,Middle East & North Africa,Explosives
2001,Middle East & North Africa,Incendiary
2001,Middle East & North Africa,Explosives
2001,Middle East & North Africa,Unknown
2001,Middle East & North Africa,Explosives
2001,Middle East & North Africa,Firearms
2001,Middle East & North Africa,Explosives
2001,Middle East & North Africa,Explosives
2001,Middle East & North Africa,Firearms
2001,Middle East & North Africa,Firearms
2001,Middle East & North Africa,Explosives
2001,Middle East & North Africa,Melee
2001,Middle East & North Africa,Firearms
2001,Middle East & North Africa,Melee
2001,Middle East & North Africa,Firearms
2001,Middle East & North Africa,Firearms
2001,Middle East & North Africa,Firearms
2001,Middle East & North Africa,Explosives
2001,Middle East & North Africa,Firearms
2001,Middle East & North Africa,Firearms
2001,Middle East & North Africa,Explosives
2001,Middle East & North Africa,Firearms
2001,Middle East & North Africa,Unknown
2001,Middle East & North Africa,Firearms
2001,Middle East & North Africa,Firearms
2001,Middle East & North Africa,Explosives
2001,Middle East & North Africa,Explosives
2001,Middle East & North Africa,Firearms
2001,Middle East & North Africa,Explosives
2001,Middle East & North Africa,Unknown
2001,Middle East & North Africa,Firearms
2001,Middle East & North Africa,Explosives
2001,Middle East & North Africa,Firearms
2001,Middle East & North Africa,Unknown
2001,Middle East & North Africa,Firearms
2001,Middle East & North Africa,Firearms
2001,Middle East & North Africa,Firearms
2001,Middle East & North Africa,Firearms
2001,Middle East & North Africa,Explosives
2001,Middle East & North Africa,Firearms
2001,Middle East & North Africa,Explosives
2001,Middle East & North Africa,Explosives
2001,Middle East & North Africa,Explosives
2001,Middle East & North Africa,Firearms
2001,Middle East & North Africa,Incendiary
2001,Middle East & North Africa,Explosives
2001,Middle East & North Africa,Explosives
2001,Middle East & North Africa,Firearms
2001,Middle East & North Africa,Firearms
2001,Middle East & North Africa,Explosives
2001,Middle East & North Africa,Explosives
2001,Middle East & North Africa,Firearms
2001,Middle East & North Africa,Firearms
2001,Middle East & North Africa,Firearms
2001,Middle East & North Africa,Firearms
2001,Middle East & North Africa,Explosives
2001,Middle East & North Africa,Firearms
2001,Middle East & North Africa,Explosives
2001,Middle East & North Africa,Explosives
2001,Middle East & North Africa,Firearms
2001,Middle East & North Africa,Firearms
2001,Middle East & North Africa,Firearms
2001,Middle East & North Africa,Melee
2001,Middle East & North Africa,Explosives
2001,Middle East & North Africa,Explosives
2001,Middle East & North Africa,Firearms
2001,Middle East & North Africa,Firearms
2001,Middle East & North Africa,Firearms
2001,Middle East & North Africa,Firearms
2001,Middle East & North Africa,Explosives
2001,Middle East & North Africa,Firearms
2001,Middle East & North Africa,Firearms
2001,Middle East & North Africa,Firearms
2001,Middle East & North Africa,Firearms
2001,Middle East & North Africa,Melee
2001,Middle East & North Africa,Explosives
2001,Middle East & North Africa,Explosives
2001,Middle East & North Africa,Firearms
2001,Middle East & North Africa,Explosives
2001,Middle East & North Africa,Explosives
2001,Middle East & North Africa,Explosives
2001,Middle East & North Africa,Explosives
2001,Middle East & North Africa,Explosives
2001,Middle East & North Africa,Explosives
2001,Middle East & North Africa,Explosives
2001,Middle East & North Africa,Firearms
2001,Middle East & North Africa,Firearms
2001,Middle East & North Africa,Melee
2001,Middle East & North Africa,Firearms
2001,Middle East & North Africa,Firearms
2001,Middle East & North Africa,Explosives
2001,Middle East & North Africa,Firearms
2001,Middle East & North Africa,Firearms
2001,Middle East & North Africa,Firearms
2001,Middle East & North Africa,Firearms
2001,Middle East & North Africa,Firearms
2001,Middle East & North Africa,Melee
2001,Middle East & North Africa,Firearms
2001,Middle East & North Africa,Firearms
2001,Middle East & North Africa,Explosives
2001,Middle East & North Africa,Firearms
2001,Middle East & North Africa,Incendiary
2001,Middle East & North Africa,Firearms
2001,Middle East & North Africa,Firearms
2001,Middle East & North Africa,Firearms
2001,Middle East & North Africa,Firearms
2001,Middle East & North Africa,Firearms
2001,Middle East & North Africa,Firearms
2001,Middle East & North Africa,Firearms
2001,Middle East & North Africa,Unknown
2001,Middle East & North Africa,Firearms
2001,Middle East & North Africa,Explosives
2001,Middle East & North Africa,Firearms
2001,Middle East & North Africa,Firearms
2001,Middle East & North Africa,Firearms
2001,Middle East & North Africa,Firearms
2001,Middle East & North Africa,Explosives
2001,Middle East & North Africa,Melee
2001,Middle East & North Africa,Firearms
2001,Middle East & North Africa,Firearms
2001,Middle East & North Africa,Explosives
2001,Middle East & North Africa,Unknown
2001,Middle East & North Africa,Explosives
2001,Middle East & North Africa,Explosives
2001,Middle East & North Africa,Melee
2001,Middle East & North Africa,Explosives
2001,Middle East & North Africa,Explosives
2001,Middle East & North Africa,Explosives
2001,Middle East & North Africa,Explosives
2001,Middle East & North Africa,Explosives
2001,Middle East & North Africa,Firearms
2001,Middle East & North Africa,Unknown
2001,Middle East & North Africa,Firearms
2001,Middle East & North Africa,Explosives
2001,Middle East & North Africa,Firearms
2001,Middle East & North Africa,Explosives
2001,Middle East & North Africa,Firearms
2001,Middle East & North Africa,Explosives
2001,Middle East & North Africa,Explosives
2001,Middle East & North Africa,Firearms
2001,Middle East & North Africa,Explosives
2001,Middle East & North Africa,Firearms
2001,Middle East & North Africa,Firearms
2001,Middle East & North Africa,Firearms
2001,Middle East & North Africa,Explosives
2001,Middle East & North Africa,Melee
2001,Middle East & North Africa,Firearms
2001,Middle East & North Africa,Firearms
2001,Middle East & North Africa,Firearms
2001,Middle East & North Africa,Incendiary
2001,Middle East & North Africa,Firearms
2001,Middle East & North Africa,Firearms
2001,Middle East & North Africa,Firearms
2001,Middle East & North Africa,Firearms
2001,Middle East & North Africa,Firearms
2001,Middle East & North Africa,Explosives
2001,Middle East & North Africa,Firearms
2001,Middle East & North Africa,Explosives
2001,Middle East & North Africa,Firearms
2001,Middle East & North Africa,Explosives
2001,Middle East & North Africa,Firearms
2001,Middle East & North Africa,Firearms
2001,Middle East & North Africa,Explosives
2001,Middle East & North Africa,Explosives
2001,Middle East & North Africa,Explosives
2001,Middle East & North Africa,Firearms
2001,Middle East & North Africa,Explosives
2001,Middle East & North Africa,Firearms
2001,Middle East & North Africa,Incendiary
2001,Middle East & North Africa,Explosives
2001,Middle East & North Africa,Firearms
2001,Middle East & North Africa,Melee
2001,Middle East & North Africa,Firearms
2001,Middle East & North Africa,Firearms
2001,Middle East & North Africa,Explosives
2001,Middle East & North Africa,Firearms
2001,Middle East & North Africa,Firearms
2001,Middle East & North Africa,Explosives
2001,Middle East & North Africa,Firearms
2001,Middle East & North Africa,Firearms
2001,Middle East & North Africa,Firearms
2001,Middle East & North Africa,Firearms
2001,Middle East & North Africa,Firearms
2001,Middle East & North Africa,Explosives
2001,Middle East & North Africa,Firearms
2001,Middle East & North Africa,Melee
2001,Middle East & North Africa,Melee
2001,Middle East & North Africa,Explosives
2001,Middle East & North Africa,Firearms
2001,Middle East & North Africa,Explosives
2001,Middle East & North Africa,Melee
2001,Middle East & North Africa,Firearms
2001,Middle East & North Africa,Explosives
2001,Middle East & North Africa,Explosives
2001,Middle East & North Africa,Explosives
2001,Middle East & North Africa,Explosives
2001,Middle East & North Africa,Firearms
2001,Middle East & North Africa,Firearms
2001,Middle East & North Africa,Explosives
2001,Middle East & North Africa,Firearms
2001,Middle East & North Africa,Explosives
2001,Middle East & North Africa,Explosives
2001,Middle East & North Africa,Explosives
2001,Middle East & North Africa,Chemical
2001,Middle East & North Africa,Explosives
2001,Middle East & North Africa,Firearms
2001,Middle East & North Africa,Firearms
2001,Middle East & North Africa,Firearms
2001,Middle East & North Africa,Firearms
2001,Middle East & North Africa,Firearms
2001,Middle East & North Africa,Firearms
2001,Middle East & North Africa,Firearms
2001,Middle East & North Africa,Firearms
2001,Middle East & North Africa,Explosives
2001,Middle East & North Africa,Firearms
2001,Middle East & North Africa,Explosives
2001,Middle East & North Africa,Explosives
2001,Middle East & North Africa,Firearms
2001,Middle East & North Africa,Unknown
2001,Middle East & North Africa,Firearms
2001,Middle East & North Africa,Firearms
2001,Middle East & North Africa,Explosives
2001,Middle East & North Africa,Explosives
2001,Middle East & North Africa,Firearms
2001,Middle East & North Africa,Firearms
2001,Middle East & North Africa,Firearms
2001,Middle East & North Africa,Firearms
2001,Middle East & North Africa,Firearms
2001,Middle East & North Africa,Firearms
2001,Middle East & North Africa,Firearms
2001,North America,Incendiary
2001,North America,Incendiary
2001,North America,Incendiary
2001,North America,Incendiary
2001,North America,Incendiary
2001,North America,Firearms
2001,North America,Incendiary
2001,North America,Incendiary
2001,North America,Incendiary
2001,North America,Incendiary
2001,North America,Incendiary
2001,North America,Incendiary
2001,North America,Incendiary
2001,North America,Incendiary
2001,North America,Incendiary
2001,North America,Incendiary
2001,North America,Explosives
2001,North America,Incendiary
2001,North America,Incendiary
2001,North America,Incendiary
2001,North America,Sabotage Equipment
2001,North America,Explosives
2001,North America,Explosives
2001,North America,Incendiary
2001,North America,Explosives
2001,North America,Explosives
2001,North America,Incendiary
2001,North America,"Vehicle (not to include vehicle-borne explosives, i.e., car or truck bombs)"
2001,North America,"Vehicle (not to include vehicle-borne explosives, i.e., car or truck bombs)"
2001,North America,"Vehicle (not to include vehicle-borne explosives, i.e., car or truck bombs)"
2001,North America,"Vehicle (not to include vehicle-borne explosives, i.e., car or truck bombs)"
2001,North America,Explosives
2001,North America,Biological
2001,North America,Biological
2001,North America,Biological
2001,North America,Biological
2001,North America,Biological
2001,North America,Biological
2001,North America,Incendiary
2001,North America,Biological
2001,North America,Biological
2001,North America,Biological
2001,North America,Firearms
2001,North America,Biological
2001,North America,Biological
2001,North America,Incendiary
2001,North America,Incendiary
2001,North America,Biological
2001,South America,Unknown
2001,South America,Unknown
2001,South America,Firearms
2001,South America,Firearms
2001,South America,Explosives
2001,South America,Explosives
2001,South America,Melee
2001,South America,Firearms
2001,South America,Unknown
2001,South America,Unknown
2001,South America,Unknown
2001,South America,Explosives
2001,South America,Firearms
2001,South America,Firearms
2001,South America,Firearms
2001,South America,Firearms
2001,South America,Firearms
2001,South America,Unknown
2001,South America,Explosives
2001,South America,Unknown
2001,South America,Firearms
2001,South America,Firearms
2001,South America,Firearms
2001,South America,Explosives
2001,South America,Explosives
2001,South America,Explosives
2001,South America,Unknown
2001,South America,Firearms
2001,South America,Unknown
2001,South America,Explosives
2001,South America,Firearms
2001,South America,Firearms
2001,South America,Firearms
2001,South America,Firearms
2001,South America,Explosives
2001,South America,Unknown
2001,South America,Explosives
2001,South America,Firearms
2001,South America,Firearms
2001,South America,Unknown
2001,South America,Explosives
2001,South America,Firearms
2001,South America,Firearms
2001,South America,Explosives
2001,South America,Firearms
2001,South America,Firearms
2001,South America,Firearms
2001,South America,Firearms
2001,South America,Firearms
2001,South America,Firearms
2001,South America,Firearms
2001,South America,Firearms
2001,South America,Firearms
2001,South America,Firearms
2001,South America,Explosives
2001,South America,Firearms
2001,South America,Explosives
2001,South America,Explosives
2001,South America,Explosives
2001,South America,Explosives
2001,South America,Unknown
2001,South America,Incendiary
2001,South America,Explosives
2001,South America,Explosives
2001,South America,Unknown
2001,South America,Explosives
2001,South America,Explosives
2001,South America,Firearms
2001,South America,Unknown
2001,South America,Firearms
2001,South America,Firearms
2001,South America,Firearms
2001,South America,Firearms
2001,South America,Explosives
2001,South America,Firearms
2001,South America,Explosives
2001,South America,Explosives
2001,South America,Firearms
2001,South America,Explosives
2001,South America,Explosives
2001,South America,Explosives
2001,South America,Explosives
2001,South America,Explosives
2001,South America,Explosives
2001,South America,Explosives
2001,South America,Explosives
2001,South America,Firearms
2001,South America,Firearms
2001,South America,Firearms
2001,South America,Firearms
2001,South America,Firearms
2001,South America,Firearms
2001,South America,Firearms
2001,South America,Explosives
2001,South America,Firearms
2001,South America,Explosives
2001,South America,Explosives
2001,South America,Firearms
2001,South America,Firearms
2001,South America,Unknown
2001,South America,Firearms
2001,South America,Firearms
2001,South America,Incendiary
2001,South America,Explosives
2001,South America,Firearms
2001,South America,Explosives
2001,South America,Explosives
2001,South America,Incendiary
2001,South America,Firearms
2001,South America,Explosives
2001,South America,Firearms
2001,South America,Incendiary
2001,South America,Explosives
2001,South America,Incendiary
2001,South America,Firearms
2001,South America,Incendiary
2001,South America,Firearms
2001,South America,Sabotage Equipment
2001,South America,Firearms
2001,South America,Firearms
2001,South America,Firearms
2001,South America,Melee
2001,South America,Firearms
2001,South America,Explosives
2001,South America,Firearms
2001,South America,Explosives
2001,South America,Firearms
2001,South America,Unknown
2001,South America,Unknown
2001,South America,Unknown
2001,South America,Explosives
2001,South America,Explosives
2001,South America,Explosives
2001,South America,Explosives
2001,South America,Explosives
2001,South America,Explosives
2001,South America,Explosives
2001,South America,Explosives
2001,South America,Explosives
2001,South America,Explosives
2001,South America,Explosives
2001,South America,Unknown
2001,South America,Explosives
2001,South America,Explosives
2001,South America,Explosives
2001,South America,Explosives
2001,South America,Explosives
2001,South America,Firearms
2001,South America,Unknown
2001,South America,Firearms
2001,South America,Explosives
2001,South America,Explosives
2001,South America,Explosives
2001,South America,Unknown
2001,South America,Explosives
2001,South America,Explosives
2001,South America,Unknown
2001,South America,Firearms
2001,South America,Firearms
2001,South America,Firearms
2001,South America,Explosives
2001,South America,Incendiary
2001,South America,Firearms
2001,South America,Firearms
2001,South America,Chemical
2001,South America,Firearms
2001,South America,Explosives
2001,South America,Explosives
2001,South America,Firearms
2001,South America,Sabotage Equipment
2001,South America,Firearms
2001,South America,Firearms
2001,South America,Unknown
2001,South America,Firearms
2001,South America,Unknown
2001,South America,Explosives
2001,South America,Firearms
2001,South America,Unknown
2001,South America,Firearms
2001,South America,Unknown
2001,South America,Firearms
2001,South America,Unknown
2001,South America,Unknown
2001,South America,Unknown
2001,South America,Firearms
2001,South America,Firearms
2001,South America,Firearms
2001,South America,Unknown
2001,South America,Firearms
2001,South America,Firearms
2001,South America,Explosives
2001,South America,Firearms
2001,South America,Explosives
2001,South America,Firearms
2001,South America,Firearms
2001,South America,Firearms
2001,South America,Firearms
2001,South America,Unknown
2001,South America,Firearms
2001,South America,Firearms
2001,South America,Melee
2001,South America,Unknown
2001,South America,Unknown
2001,South America,Firearms
2001,South America,Unknown
2001,South America,Firearms
2001,South America,Biological
2001,South America,Firearms
2001,South America,Unknown
2001,South America,Firearms
2001,South America,Unknown
2001,South America,Firearms
2001,South America,Firearms
2001,South America,Firearms
2001,South America,Incendiary
2001,South America,Firearms
2001,South America,Explosives
2001,South America,Firearms
2001,South America,Explosives
2001,South America,Explosives
2001,South America,Firearms
2001,South America,Unknown
2001,South America,Unknown
2001,South America,Unknown
2001,South America,Unknown
2001,South America,Unknown
2001,South America,Firearms
2001,South America,Firearms
2001,South America,Firearms
2001,South Asia,Firearms
2001,South Asia,Firearms
2001,South Asia,Explosives
2001,South Asia,Firearms
2001,South Asia,Explosives
2001,South Asia,Firearms
2001,South Asia,Firearms
2001,South Asia,Firearms
2001,South Asia,Explosives
2001,South Asia,Firearms
2001,South Asia,Explosives
2001,South Asia,Firearms
2001,South Asia,Explosives
2001,South Asia,Explosives
2001,South Asia,Explosives
2001,South Asia,Explosives
2001,South Asia,Explosives
2001,South Asia,Firearms
2001,South Asia,Explosives
2001,South Asia,Explosives
2001,South Asia,Firearms
2001,South Asia,Explosives
2001,South Asia,Firearms
2001,South Asia,Explosives
2001,South Asia,Explosives
2001,South Asia,Explosives
2001,South Asia,Explosives
2001,South Asia,Explosives
2001,South Asia,Firearms
2001,South Asia,Firearms
2001,South Asia,Explosives
2001,South Asia,Explosives
2001,South Asia,Explosives
2001,South Asia,Explosives
2001,South Asia,Firearms
2001,South Asia,Explosives
2001,South Asia,Explosives
2001,South Asia,Explosives
2001,South Asia,Explosives
2001,South Asia,Melee
2001,South Asia,Firearms
2001,South Asia,Firearms
2001,South Asia,Firearms
2001,South Asia,Explosives
2001,South Asia,Melee
2001,South Asia,Firearms
2001,South Asia,Firearms
2001,South Asia,Firearms
2001,South Asia,Explosives
2001,South Asia,Firearms
2001,South Asia,Unknown
2001,South Asia,Firearms
2001,South Asia,Explosives
2001,South Asia,Firearms
2001,South Asia,Unknown
2001,South Asia,Explosives
2001,South Asia,Firearms
2001,South Asia,Explosives
2001,South Asia,Incendiary
2001,South Asia,Firearms
2001,South Asia,Firearms
2001,South Asia,Unknown
2001,South Asia,Firearms
2001,South Asia,Firearms
2001,South Asia,Firearms
2001,South Asia,Firearms
2001,South Asia,Explosives
2001,South Asia,Explosives
2001,South Asia,Explosives
2001,South Asia,Explosives
2001,South Asia,Explosives
2001,South Asia,Firearms
2001,South Asia,Firearms
2001,South Asia,Firearms
2001,South Asia,Firearms
2001,South Asia,Explosives
2001,South Asia,Unknown
2001,South Asia,Explosives
2001,South Asia,Explosives
2001,South Asia,Explosives
2001,South Asia,Explosives
2001,South Asia,Firearms
2001,South Asia,Explosives
2001,South Asia,Explosives
2001,South Asia,Explosives
2001,South Asia,Explosives
2001,South Asia,Firearms
2001,South Asia,Explosives
2001,South Asia,Explosives
2001,South Asia,Firearms
2001,South Asia,Firearms
2001,South Asia,Explosives
2001,South Asia,Firearms
2001,South Asia,Explosives
2001,South Asia,Explosives
2001,South Asia,Unknown
2001,South Asia,Explosives
2001,South Asia,Firearms
2001,South Asia,Firearms
2001,South Asia,Explosives
2001,South Asia,Explosives
2001,South Asia,Firearms
2001,South Asia,Firearms
2001,South Asia,Explosives
2001,South Asia,Explosives
2001,South Asia,Explosives
2001,South Asia,Explosives
2001,South Asia,Explosives
2001,South Asia,Explosives
2001,South Asia,Explosives
2001,South Asia,Explosives
2001,South Asia,Firearms
2001,South Asia,Explosives
2001,South Asia,Firearms
2001,South Asia,Explosives
2001,South Asia,Explosives
2001,South Asia,Explosives
2001,South Asia,Explosives
2001,South Asia,Explosives
2001,South Asia,Explosives
2001,South Asia,Explosives
2001,South Asia,Explosives
2001,South Asia,Explosives
2001,South Asia,Explosives
2001,South Asia,Melee
2001,South Asia,Firearms
2001,South Asia,Explosives
2001,South Asia,Explosives
2001,South Asia,Explosives
2001,South Asia,Explosives
2001,South Asia,Explosives
2001,South Asia,Explosives
2001,South Asia,Explosives
2001,South Asia,Firearms
2001,South Asia,Explosives
2001,South Asia,Explosives
2001,South Asia,Explosives
2001,South Asia,Firearms
2001,South Asia,Firearms
2001,South Asia,Firearms
2001,South Asia,Explosives
2001,South Asia,Explosives
2001,South Asia,Firearms
2001,South Asia,Firearms
2001,South Asia,Unknown
2001,South Asia,Explosives
2001,South Asia,Explosives
2001,South Asia,Explosives
2001,South Asia,Firearms
2001,South Asia,Firearms
2001,South Asia,Explosives
2001,South Asia,Explosives
2001,South Asia,Explosives
2001,South Asia,Explosives
2001,South Asia,Explosives
2001,South Asia,Explosives
2001,South Asia,Firearms
2001,South Asia,Explosives
2001,South Asia,Firearms
2001,South Asia,Explosives
2001,South Asia,Firearms
2001,South Asia,Firearms
2001,South Asia,Firearms
2001,South Asia,Firearms
2001,South Asia,Firearms
2001,South Asia,Explosives
2001,South Asia,Firearms
2001,South Asia,Firearms
2001,South Asia,Explosives
2001,South Asia,Firearms
2001,South Asia,Firearms
2001,South Asia,Firearms
2001,South Asia,Firearms
2001,South Asia,Firearms
2001,South Asia,Firearms
2001,South Asia,Firearms
2001,South Asia,Explosives
2001,South Asia,Firearms
2001,South Asia,Firearms
2001,South Asia,Melee
2001,South Asia,Chemical
2001,South Asia,Chemical
2001,South Asia,Firearms
2001,South Asia,Firearms
2001,South Asia,Firearms
2001,South Asia,Firearms
2001,South Asia,Explosives
2001,South Asia,Firearms
2001,South Asia,Firearms
2001,South Asia,Firearms
2001,South Asia,Firearms
2001,South Asia,Firearms
2001,South Asia,Firearms
2001,South Asia,Firearms
2001,South Asia,Firearms
2001,South Asia,Firearms
2001,South Asia,Firearms
2001,South Asia,Firearms
2001,South Asia,Explosives
2001,South Asia,Incendiary
2001,South Asia,Explosives
2001,South Asia,Explosives
2001,South Asia,Firearms
2001,South Asia,Firearms
2001,South Asia,Explosives
2001,South Asia,Firearms
2001,South Asia,Firearms
2001,South Asia,Explosives
2001,South Asia,Firearms
2001,South Asia,Explosives
2001,South Asia,Firearms
2001,South Asia,Explosives
2001,South Asia,Explosives
2001,South Asia,Firearms
2001,South Asia,Explosives
2001,South Asia,Explosives
2001,South Asia,Explosives
2001,South Asia,Explosives
2001,South Asia,Explosives
2001,South Asia,Explosives
2001,South Asia,Firearms
2001,South Asia,Firearms
2001,South Asia,Explosives
2001,South Asia,Explosives
2001,South Asia,Firearms
2001,South Asia,Explosives
2001,South Asia,Incendiary
2001,South Asia,Firearms
2001,South Asia,Firearms
2001,South Asia,Explosives
2001,South Asia,Firearms
2001,South Asia,Firearms
2001,South Asia,Firearms
2001,South Asia,Firearms
2001,South Asia,Explosives
2001,South Asia,Firearms
2001,South Asia,Firearms
2001,South Asia,Firearms
2001,South Asia,Firearms
2001,South Asia,Firearms
2001,South Asia,Explosives
2001,South Asia,Explosives
2001,South Asia,Explosives
2001,South Asia,Firearms
2001,South Asia,Firearms
2001,South Asia,Explosives
2001,South Asia,Firearms
2001,South Asia,Firearms
2001,South Asia,Firearms
2001,South Asia,Firearms
2001,South Asia,Firearms
2001,South Asia,Firearms
2001,South Asia,Unknown
2001,South Asia,Firearms
2001,South Asia,Firearms
2001,South Asia,Melee
2001,South Asia,Explosives
2001,South Asia,Firearms
2001,South Asia,Firearms
2001,South Asia,Explosives
2001,South Asia,Firearms
2001,South Asia,Firearms
2001,South Asia,Explosives
2001,South Asia,Firearms
2001,South Asia,Firearms
2001,South Asia,Melee
2001,South Asia,Firearms
2001,South Asia,Firearms
2001,South Asia,Explosives
2001,South Asia,Firearms
2001,South Asia,Explosives
2001,South Asia,Firearms
2001,South Asia,Firearms
2001,South Asia,Explosives
2001,South Asia,Firearms
2001,South Asia,Firearms
2001,South Asia,Firearms
2001,South Asia,Firearms
2001,South Asia,Explosives
2001,South Asia,Explosives
2001,South Asia,Explosives
2001,South Asia,Unknown
2001,South Asia,Firearms
2001,South Asia,Explosives
2001,South Asia,Explosives
2001,South Asia,Firearms
2001,South Asia,Explosives
2001,South Asia,Explosives
2001,South Asia,Explosives
2001,South Asia,Explosives
2001,South Asia,Explosives
2001,South Asia,Firearms
2001,South Asia,Explosives
2001,South Asia,Explosives
2001,South Asia,Explosives
2001,South Asia,Firearms
2001,South Asia,Explosives
2001,South Asia,Firearms
2001,South Asia,Explosives
2001,South Asia,Incendiary
2001,South Asia,Explosives
2001,South Asia,Explosives
2001,South Asia,Explosives
2001,South Asia,Incendiary
2001,South Asia,Explosives
2001,South Asia,Firearms
2001,South Asia,Explosives
2001,South Asia,Firearms
2001,South Asia,Explosives
2001,South Asia,Explosives
2001,South Asia,Firearms
2001,South Asia,Melee
2001,South Asia,Explosives
2001,South Asia,Firearms
2001,South Asia,Explosives
2001,South Asia,Firearms
2001,South Asia,Explosives
2001,South Asia,Explosives
2001,South Asia,Explosives
2001,South Asia,Firearms
2001,South Asia,Firearms
2001,South Asia,Explosives
2001,South Asia,Firearms
2001,South Asia,Explosives
2001,South Asia,Explosives
2001,South Asia,Firearms
2001,South Asia,Biological
2001,South Asia,Explosives
2001,South Asia,Explosives
2001,South Asia,Explosives
2001,South Asia,Firearms
2001,South Asia,Firearms
2001,South Asia,Firearms
2001,South Asia,Firearms
2001,South Asia,Melee
2001,South Asia,Explosives
2001,South Asia,Firearms
2001,South Asia,Firearms
2001,South Asia,Explosives
2001,South Asia,Explosives
2001,South Asia,Unknown
2001,South Asia,Firearms
2001,South Asia,Explosives
2001,South Asia,Explosives
2001,South Asia,Explosives
2001,South Asia,Explosives
2001,South Asia,Explosives
2001,South Asia,Firearms
2001,South Asia,Explosives
2001,South Asia,Explosives
2001,South Asia,Firearms
2001,South Asia,Firearms
2001,South Asia,Explosives
2001,South Asia,Explosives
2001,South Asia,Firearms
2001,South Asia,Unknown
2001,South Asia,Firearms
2001,South Asia,Explosives
2001,South Asia,Explosives
2001,South Asia,Explosives
2001,South Asia,Firearms
2001,South Asia,Explosives
2001,South Asia,Explosives
2001,South Asia,Explosives
2001,South Asia,Explosives
2001,South Asia,Firearms
2001,South Asia,Explosives
2001,South Asia,Unknown
2001,South Asia,Firearms
2001,South Asia,Explosives
2001,South Asia,Explosives
2001,South Asia,Explosives
2001,South Asia,Firearms
2001,South Asia,Firearms
2001,South Asia,Firearms
2001,South Asia,Firearms
2001,South Asia,Explosives
2001,South Asia,Firearms
2001,South Asia,Explosives
2001,South Asia,Firearms
2001,South Asia,Firearms
2001,South Asia,Firearms
2001,South Asia,Explosives
2001,South Asia,Firearms
2001,South Asia,Firearms
2001,Southeast Asia,Firearms
2001,Southeast Asia,Firearms
2001,Southeast Asia,Explosives
2001,Southeast Asia,Explosives
2001,Southeast Asia,Explosives
2001,Southeast Asia,Explosives
2001,Southeast Asia,Explosives
2001,Southeast Asia,Melee
2001,Southeast Asia,Firearms
2001,Southeast Asia,Firearms
2001,Southeast Asia,Firearms
2001,Southeast Asia,Incendiary
2001,Southeast Asia,Chemical
2001,Southeast Asia,Chemical
2001,Southeast Asia,Firearms
2001,Southeast Asia,Chemical
2001,Southeast Asia,Unknown
2001,Southeast Asia,Unknown
2001,Southeast Asia,Melee
2001,Southeast Asia,Explosives
2001,Southeast Asia,Explosives
2001,Southeast Asia,Explosives
2001,Southeast Asia,Chemical
2001,Southeast Asia,Firearms
2001,Southeast Asia,Firearms
2001,Southeast Asia,Explosives
2001,Southeast Asia,Explosives
2001,Southeast Asia,Firearms
2001,Southeast Asia,Unknown
2001,Southeast Asia,Explosives
2001,Southeast Asia,Firearms
2001,Southeast Asia,Firearms
2001,Southeast Asia,Firearms
2001,Southeast Asia,Explosives
2001,Southeast Asia,Firearms
2001,Southeast Asia,Explosives
2001,Southeast Asia,Explosives
2001,Southeast Asia,Explosives
2001,Southeast Asia,Firearms
2001,Southeast Asia,Explosives
2001,Southeast Asia,Firearms
2001,Southeast Asia,Unknown
2001,Southeast Asia,Firearms
2001,Southeast Asia,Firearms
2001,Southeast Asia,Explosives
2001,Southeast Asia,Firearms
2001,Southeast Asia,Firearms
2001,Southeast Asia,Explosives
2001,Southeast Asia,Explosives
2001,Southeast Asia,Explosives
2001,Southeast Asia,Explosives
2001,Southeast Asia,Firearms
2001,Southeast Asia,Incendiary
2001,Southeast Asia,Incendiary
2001,Southeast Asia,Firearms
2001,Southeast Asia,Unknown
2001,Southeast Asia,Firearms
2001,Southeast Asia,Incendiary
2001,Southeast Asia,Firearms
2001,Southeast Asia,Firearms
2001,Southeast Asia,Explosives
2001,Southeast Asia,Firearms
2001,Southeast Asia,Explosives
2001,Southeast Asia,Firearms
2001,Southeast Asia,Explosives
2001,Southeast Asia,Explosives
2001,Southeast Asia,Explosives
2001,Southeast Asia,Explosives
2001,Southeast Asia,Explosives
2001,Southeast Asia,Explosives
2001,Southeast Asia,Explosives
2001,Southeast Asia,Firearms
2001,Southeast Asia,Firearms
2001,Southeast Asia,Explosives
2001,Southeast Asia,Explosives
2001,Southeast Asia,Melee
2001,Southeast Asia,Unknown
2001,Southeast Asia,Explosives
2001,Southeast Asia,Firearms
2001,Southeast Asia,Firearms
2001,Southeast Asia,Firearms
2001,Southeast Asia,Explosives
2001,Southeast Asia,Firearms
2001,Southeast Asia,Firearms
2001,Southeast Asia,Incendiary
2001,Southeast Asia,Incendiary
2001,Southeast Asia,Incendiary
2001,Southeast Asia,Firearms
2001,Southeast Asia,Firearms
2001,Southeast Asia,Explosives
2001,Southeast Asia,Explosives
2001,Southeast Asia,Explosives
2001,Southeast Asia,Explosives
2001,Southeast Asia,Incendiary
2001,Southeast Asia,Firearms
2001,Southeast Asia,Incendiary
2001,Southeast Asia,Incendiary
2001,Southeast Asia,Incendiary
2001,Southeast Asia,Incendiary
2001,Southeast Asia,Incendiary
2001,Southeast Asia,Incendiary
2001,Southeast Asia,Explosives
2001,Southeast Asia,Explosives
2001,Southeast Asia,Explosives
2001,Southeast Asia,Explosives
2001,Southeast Asia,Explosives
2001,Southeast Asia,Explosives
2001,Southeast Asia,Explosives
2001,Southeast Asia,Explosives
2001,Southeast Asia,Explosives
2001,Southeast Asia,Explosives
2001,Southeast Asia,Explosives
2001,Southeast Asia,Firearms
2001,Southeast Asia,Explosives
2001,Southeast Asia,Explosives
2001,Southeast Asia,Explosives
2001,Southeast Asia,Firearms
2001,Southeast Asia,Explosives
2001,Southeast Asia,Explosives
2001,Southeast Asia,Firearms
2001,Southeast Asia,Firearms
2001,Southeast Asia,Explosives
2001,Southeast Asia,Explosives
2001,Southeast Asia,Explosives
2001,Southeast Asia,Explosives
2001,Southeast Asia,Firearms
2001,Southeast Asia,Firearms
2001,Southeast Asia,Firearms
2001,Southeast Asia,Explosives
2001,Southeast Asia,Explosives
2001,Southeast Asia,Explosives
2001,Southeast Asia,Explosives
2001,Southeast Asia,Unknown
2001,Southeast Asia,Firearms
2001,Southeast Asia,Melee
2001,Southeast Asia,Firearms
2001,Southeast Asia,Firearms
2001,Southeast Asia,Firearms
2001,Southeast Asia,Firearms
2001,Southeast Asia,Explosives
2001,Southeast Asia,Firearms
2001,Southeast Asia,Firearms
2001,Southeast Asia,Explosives
2001,Southeast Asia,Firearms
2001,Southeast Asia,Explosives
2001,Southeast Asia,Explosives
2001,Southeast Asia,Explosives
2001,Southeast Asia,Explosives
2001,Southeast Asia,Explosives
2001,Southeast Asia,Firearms
2001,Southeast Asia,Explosives
2001,Southeast Asia,Explosives
2001,Southeast Asia,Explosives
2001,Southeast Asia,Explosives
2001,Southeast Asia,Explosives
2001,Southeast Asia,Firearms
2001,Southeast Asia,Explosives
2001,Southeast Asia,Explosives
2001,Southeast Asia,Explosives
2001,Southeast Asia,Firearms
2001,Southeast Asia,Firearms
2001,Southeast Asia,Explosives
2001,Southeast Asia,Explosives
2001,Southeast Asia,Explosives
2001,Southeast Asia,Firearms
2001,Southeast Asia,Incendiary
2001,Southeast Asia,Incendiary
2001,Southeast Asia,Incendiary
2001,Southeast Asia,Incendiary
2001,Southeast Asia,Incendiary
2001,Southeast Asia,Incendiary
2001,Southeast Asia,Explosives
2001,Southeast Asia,Firearms
2001,Southeast Asia,Explosives
2001,Southeast Asia,Explosives
2001,Southeast Asia,Firearms
2001,Southeast Asia,Firearms
2001,Southeast Asia,Firearms
2001,Southeast Asia,Firearms
2001,Southeast Asia,Firearms
2001,Southeast Asia,Firearms
2001,Southeast Asia,Explosives
2001,Southeast Asia,Explosives
2001,Southeast Asia,Firearms
2001,Southeast Asia,Firearms
2001,Sub-Saharan Africa,Firearms
2001,Sub-Saharan Africa,Firearms
2001,Sub-Saharan Africa,Unknown
2001,Sub-Saharan Africa,Firearms
2001,Sub-Saharan Africa,Unknown
2001,Sub-Saharan Africa,Explosives
2001,Sub-Saharan Africa,Firearms
2001,Sub-Saharan Africa,Explosives
2001,Sub-Saharan Africa,Explosives
2001,Sub-Saharan Africa,Explosives
2001,Sub-Saharan Africa,Explosives
2001,Sub-Saharan Africa,Explosives
2001,Sub-Saharan Africa,Explosives
2001,Sub-Saharan Africa,Unknown
2001,Sub-Saharan Africa,Unknown
2001,Sub-Saharan Africa,Firearms
2001,Sub-Saharan Africa,Firearms
2001,Sub-Saharan Africa,Firearms
2001,Sub-Saharan Africa,Firearms
2001,Sub-Saharan Africa,Melee
2001,Sub-Saharan Africa,Unknown
2001,Sub-Saharan Africa,Firearms
2001,Sub-Saharan Africa,Unknown
2001,Sub-Saharan Africa,Unknown
2001,Sub-Saharan Africa,Firearms
2001,Sub-Saharan Africa,Firearms
2001,Sub-Saharan Africa,Firearms
2001,Sub-Saharan Africa,Unknown
2001,Sub-Saharan Africa,Explosives
2001,Sub-Saharan Africa,Firearms
2001,Sub-Saharan Africa,Firearms
2001,Sub-Saharan Africa,Explosives
2001,Sub-Saharan Africa,Explosives
2001,Sub-Saharan Africa,Unknown
2001,Sub-Saharan Africa,Explosives
2001,Sub-Saharan Africa,Unknown
2001,Sub-Saharan Africa,Incendiary
2001,Sub-Saharan Africa,Firearms
2001,Sub-Saharan Africa,Firearms
2001,Sub-Saharan Africa,Firearms
2001,Sub-Saharan Africa,Incendiary
2001,Sub-Saharan Africa,Unknown
2001,Sub-Saharan Africa,Firearms
2001,Sub-Saharan Africa,Firearms
2001,Sub-Saharan Africa,Unknown
2001,Sub-Saharan Africa,Firearms
2001,Sub-Saharan Africa,Firearms
2001,Sub-Saharan Africa,Incendiary
2001,Sub-Saharan Africa,Firearms
2001,Sub-Saharan Africa,Melee
2001,Sub-Saharan Africa,Explosives
2001,Sub-Saharan Africa,Explosives
2001,Sub-Saharan Africa,Firearms
2001,Sub-Saharan Africa,Incendiary
2001,Sub-Saharan Africa,Firearms
2001,Sub-Saharan Africa,Firearms
2001,Sub-Saharan Africa,Unknown
2001,Sub-Saharan Africa,Firearms
2001,Sub-Saharan Africa,Firearms
2001,Sub-Saharan Africa,Incendiary
2001,Sub-Saharan Africa,Firearms
2001,Sub-Saharan Africa,Firearms
2001,Sub-Saharan Africa,Unknown
2001,Sub-Saharan Africa,Firearms
2001,Sub-Saharan Africa,Firearms
2001,Sub-Saharan Africa,Explosives
2001,Sub-Saharan Africa,Firearms
2001,Sub-Saharan Africa,Firearms
2001,Sub-Saharan Africa,Unknown
2001,Sub-Saharan Africa,Explosives
2001,Sub-Saharan Africa,Explosives
2001,Sub-Saharan Africa,Explosives
2001,Sub-Saharan Africa,Firearms
2001,Sub-Saharan Africa,Firearms
2001,Sub-Saharan Africa,Unknown
2001,Sub-Saharan Africa,Unknown
2001,Sub-Saharan Africa,Firearms
2001,Sub-Saharan Africa,Unknown
2001,Sub-Saharan Africa,Firearms
2001,Sub-Saharan Africa,Firearms
2001,Sub-Saharan Africa,Explosives
2001,Sub-Saharan Africa,Explosives
2001,Sub-Saharan Africa,Explosives
2001,Sub-Saharan Africa,Explosives
2001,Sub-Saharan Africa,Firearms
2001,Sub-Saharan Africa,Unknown
2001,Sub-Saharan Africa,Incendiary
2001,Sub-Saharan Africa,Firearms
2001,Sub-Saharan Africa,Firearms
2001,Sub-Saharan Africa,Firearms
2001,Sub-Saharan Africa,Firearms
2001,Sub-Saharan Africa,Firearms
2001,Sub-Saharan Africa,Firearms
2001,Sub-Saharan Africa,Firearms
2001,Sub-Saharan Africa,Firearms
2001,Sub-Saharan Africa,Firearms
2001,Sub-Saharan Africa,Incendiary
2001,Sub-Saharan Africa,Unknown
2001,Sub-Saharan Africa,Firearms
2001,Sub-Saharan Africa,Firearms
2001,Sub-Saharan Africa,Melee
2001,Sub-Saharan Africa,Melee
2001,Sub-Saharan Africa,Firearms
2001,Sub-Saharan Africa,Firearms
2001,Sub-Saharan Africa,Firearms
2001,Sub-Saharan Africa,Firearms
2001,Sub-Saharan Africa,Firearms
2001,Sub-Saharan Africa,Melee
2001,Sub-Saharan Africa,Firearms
2001,Sub-Saharan Africa,Firearms
2001,Sub-Saharan Africa,Firearms
2001,Sub-Saharan Africa,Incendiary
2001,Sub-Saharan Africa,Firearms
2001,Sub-Saharan Africa,Explosives
2001,Sub-Saharan Africa,Incendiary
2001,Sub-Saharan Africa,Firearms
2001,Sub-Saharan Africa,Firearms
2001,Sub-Saharan Africa,Unknown
2001,Sub-Saharan Africa,Firearms
2001,Sub-Saharan Africa,Firearms
2001,Sub-Saharan Africa,Explosives
2001,Sub-Saharan Africa,Firearms
2001,Sub-Saharan Africa,Explosives
2001,Sub-Saharan Africa,Unknown
2001,Sub-Saharan Africa,Firearms
2001,Sub-Saharan Africa,Incendiary
2001,Sub-Saharan Africa,Explosives
2001,Sub-Saharan Africa,Unknown
2001,Sub-Saharan Africa,Firearms
2001,Sub-Saharan Africa,Firearms
2001,Sub-Saharan Africa,Firearms
2001,Sub-Saharan Africa,Unknown
2001,Sub-Saharan Africa,Firearms
2001,Sub-Saharan Africa,Firearms
2001,Sub-Saharan Africa,Firearms
2001,Sub-Saharan Africa,Firearms
2001,Sub-Saharan Africa,Unknown
2001,Sub-Saharan Africa,Biological
2001,Sub-Saharan Africa,Biological
2001,Sub-Saharan Africa,Biological
2001,Sub-Saharan Africa,Firearms
2001,Sub-Saharan Africa,Firearms
2001,Sub-Saharan Africa,Unknown
2001,Sub-Saharan Africa,Unknown
2001,Sub-Saharan Africa,Firearms
2001,Sub-Saharan Africa,Firearms
2001,Sub-Saharan Africa,Firearms
2001,Sub-Saharan Africa,Incendiary
2001,Sub-Saharan Africa,Firearms
2001,Sub-Saharan Africa,Firearms
2001,Sub-Saharan Africa,Incendiary
2001,Sub-Saharan Africa,Explosives
2001,Sub-Saharan Africa,Explosives
2001,Sub-Saharan Africa,Firearms
2001,Sub-Saharan Africa,Explosives
2001,Sub-Saharan Africa,Firearms
2001,Sub-Saharan Africa,Firearms
2001,Sub-Saharan Africa,Firearms
2001,Sub-Saharan Africa,Firearms
2001,Sub-Saharan Africa,Firearms
2001,Sub-Saharan Africa,Firearms
2001,Sub-Saharan Africa,Firearms
2001,Western Europe,Explosives
2001,Western Europe,Explosives
2001,Western Europe,Explosives
2001,Western Europe,Explosives
2001,Western Europe,Explosives
2001,Western Europe,Explosives
2001,Western Europe,Explosives
2001,Western Europe,Explosives
2001,Western Europe,Explosives
2001,Western Europe,Incendiary
2001,Western Europe,Incendiary
2001,Western Europe,Incendiary
2001,Western Europe,Incendiary
2001,Western Europe,Explosives
2001,Western Europe,Explosives
2001,Western Europe,Explosives
2001,Western Europe,Explosives
2001,Western Europe,Explosives
2001,Western Europe,Explosives
2001,Western Europe,Explosives
2001,Western Europe,Explosives
2001,Western Europe,Firearms
2001,Western Europe,Explosives
2001,Western Europe,Explosives
2001,Western Europe,Melee
2001,Western Europe,Firearms
2001,Western Europe,Explosives
2001,Western Europe,Explosives
2001,Western Europe,Explosives
2001,Western Europe,Explosives
2001,Western Europe,Incendiary
2001,Western Europe,Explosives
2001,Western Europe,Explosives
2001,Western Europe,Explosives
2001,Western Europe,Explosives
2001,Western Europe,Explosives
2001,Western Europe,Explosives
2001,Western Europe,Explosives
2001,Western Europe,Explosives
2001,Western Europe,Explosives
2001,Western Europe,Explosives
2001,Western Europe,Explosives
2001,Western Europe,Explosives
2001,Western Europe,Explosives
2001,Western Europe,Incendiary
2001,Western Europe,Explosives
2001,Western Europe,Explosives
2001,Western Europe,Explosives
2001,Western Europe,Explosives
2001,Western Europe,Explosives
2001,Western Europe,Explosives
2001,Western Europe,Incendiary
2001,Western Europe,Explosives
2001,Western Europe,Incendiary
2001,Western Europe,Unknown
2001,Western Europe,Explosives
2001,Western Europe,Explosives
2001,Western Europe,Explosives
2001,Western Europe,Firearms
2001,Western Europe,Incendiary
2001,Western Europe,Incendiary
2001,Western Europe,Incendiary
2001,Western Europe,Incendiary
2001,Western Europe,Explosives
2001,Western Europe,Firearms
2001,Western Europe,Explosives
2001,Western Europe,Explosives
2001,Western Europe,Explosives
2001,Western Europe,Explosives
2001,Western Europe,Incendiary
2001,Western Europe,Explosives
2001,Western Europe,Firearms
2001,Western Europe,Firearms
2001,Western Europe,Incendiary
2001,Western Europe,Firearms
2001,Western Europe,Explosives
2001,Western Europe,Incendiary
2001,Western Europe,Incendiary
2001,Western Europe,Melee
2001,Western Europe,Explosives
2001,Western Europe,Explosives
2001,Western Europe,Explosives
2001,Western Europe,Explosives
2001,Western Europe,Incendiary
2001,Western Europe,Explosives
2001,Western Europe,Incendiary
2001,Western Europe,Explosives
2001,Western Europe,Incendiary
2001,Western Europe,Explosives
2001,Western Europe,Incendiary
2001,Western Europe,Explosives
2001,Western Europe,Firearms
2001,Western Europe,Explosives
2001,Western Europe,Explosives
2001,Western Europe,Explosives
2001,Western Europe,Melee
2001,Western Europe,Melee
2001,Western Europe,Firearms
2001,Western Europe,Explosives
2001,Western Europe,Explosives
2001,Western Europe,Firearms
2001,Western Europe,Explosives
2001,Western Europe,Explosives
2001,Western Europe,Firearms
2001,Western Europe,Explosives
2001,Western Europe,Explosives
2001,Western Europe,Explosives
2001,Western Europe,Firearms
2001,Western Europe,Explosives
2001,Western Europe,Firearms
2001,Western Europe,Explosives
2001,Western Europe,Explosives
2001,Western Europe,Explosives
2001,Western Europe,Explosives
2001,Western Europe,Incendiary
2001,Western Europe,Explosives
2001,Western Europe,Firearms
2001,Western Europe,Explosives
2001,Western Europe,Incendiary
2001,Western Europe,Incendiary
2001,Western Europe,Incendiary
2001,Western Europe,Explosives
2001,Western Europe,Explosives
2001,Western Europe,Firearms
2001,Western Europe,Explosives
2001,Western Europe,Explosives
2001,Western Europe,Explosives
2001,Western Europe,Explosives
2001,Western Europe,Explosives
2001,Western Europe,Incendiary
2001,Western Europe,Incendiary
2001,Western Europe,Explosives
2001,Western Europe,Incendiary
2001,Western Europe,Incendiary
2001,Western Europe,Incendiary
2001,Western Europe,Explosives
2001,Western Europe,Explosives
2001,Western Europe,Incendiary
2001,Western Europe,Incendiary
2001,Western Europe,Incendiary
2001,Western Europe,Incendiary
2001,Western Europe,Incendiary
2001,Western Europe,Explosives
2001,Western Europe,Incendiary
2001,Western Europe,Explosives
2001,Western Europe,Incendiary
2001,Western Europe,Explosives
2001,Western Europe,Explosives
2001,Western Europe,Explosives
2001,Western Europe,Melee
2001,Western Europe,Melee
2001,Western Europe,Explosives
2001,Western Europe,Incendiary
2001,Western Europe,Sabotage Equipment
2001,Western Europe,Firearms
2001,Western Europe,Explosives
2001,Western Europe,Explosives
2001,Western Europe,Explosives
2001,Western Europe,Incendiary
2001,Western Europe,Explosives
2001,Western Europe,Firearms
2001,Western Europe,Incendiary
2001,Western Europe,Explosives
2001,Western Europe,Explosives
2001,Western Europe,Explosives
2001,Western Europe,Explosives
2001,Western Europe,Explosives
2001,Western Europe,Incendiary
2001,Western Europe,Explosives
2001,Western Europe,Explosives
2001,Western Europe,Explosives
2001,Western Europe,Explosives
2001,Western Europe,Explosives
2001,Western Europe,Incendiary
2001,Western Europe,Explosives
2001,Western Europe,Explosives
2001,Western Europe,Explosives
2001,Western Europe,Incendiary
2001,Western Europe,Incendiary
2001,Western Europe,Incendiary
2001,Western Europe,Explosives
2001,Western Europe,Explosives
2001,Western Europe,Explosives
2001,Western Europe,Explosives
2001,Western Europe,Explosives
2001,Western Europe,Explosives
2001,Western Europe,Explosives
2001,Western Europe,Explosives
2001,Western Europe,Incendiary
2001,Western Europe,Firearms
2001,Western Europe,Incendiary
2001,Western Europe,Incendiary
2001,Western Europe,Incendiary
2001,Western Europe,Incendiary
2001,Western Europe,Melee
2001,Western Europe,Explosives
2001,Western Europe,Explosives
2001,Western Europe,Incendiary
2001,Western Europe,Explosives
2001,Western Europe,Explosives
2001,Western Europe,Incendiary
2001,Western Europe,Explosives
2001,Western Europe,Firearms
2001,Western Europe,Explosives
2001,Western Europe,Firearms
2001,Western Europe,Firearms
2001,Western Europe,Incendiary
2001,Western Europe,Explosives
2001,Western Europe,Incendiary
2001,Western Europe,Explosives
2001,Western Europe,Explosives
2001,Western Europe,Explosives
2001,Western Europe,Explosives
2001,Western Europe,Explosives
2001,Western Europe,Explosives
2001,Western Europe,Explosives
2001,Western Europe,Explosives
2001,Western Europe,Firearms
2001,Western Europe,Explosives
2001,Western Europe,Explosives
2001,Western Europe,Explosives
2001,Western Europe,Firearms
2001,Western Europe,Firearms
2001,Western Europe,Explosives
2001,Western Europe,Firearms
2001,Western Europe,Firearms
2001,Western Europe,Explosives
2001,Western Europe,Explosives
2001,Western Europe,Firearms
2001,Western Europe,Explosives
2001,Western Europe,Firearms
2001,Western Europe,Explosives
2001,Western Europe,Explosives
2001,Western Europe,Explosives